UDI,Product ID,Type,Air temperature [K],Process temperature [K],Rotational speed [rpm],Torque [Nm],Tool wear [min],Machine failure,TWF,HDF,PWF,OSF,RNF
1,M14860,M,298.1,308.6,1551,42.8,0,0,0,0,0,0,0
4,L47183,L,298.2,308.6,1433,39.5,7,0,0,0,0,0,0
15,L47194,L,298.6,309.2,2035,19.6,40,0,0,0,0,0,0
30,L47209,L,299.0,309.4,1693,30.1,84,0,0,0,0,0,0
40,L47219,L,298.8,309.1,1350,52.5,111,0,0,0,0,0,0
84,L47263,L,299.0,309.0,1469,40.1,13,0,0,0,0,0,0
100,L47279,L,298.8,308.8,1523,44.4,55,0,0,0,0,0,0
110,L47289,L,298.9,308.7,1572,34.1,80,0,0,0,0,0,0
123,L47302,L,299.0,308.8,1310,50.7,112,0,0,0,0,0,0
161,L47340,L,298.4,308.2,1282,60.7,216,1,0,0,0,1,0
169,L47348,L,298.4,308.3,1433,62.3,20,1,0,0,1,0,0
249,L47428,L,298.0,308.3,1362,56.8,216,1,0,0,0,1,0
264,M15123,M,298.0,308.1,1587,32.3,30,0,0,0,0,0,0
330,H29743,H,297.7,308.5,1720,29.9,210,0,0,0,0,0,0
335,M15194,M,297.5,308.1,1469,44.8,5,0,0,0,0,0,0
360,M15219,M,297.6,308.3,1567,34.6,71,0,0,0,0,0,0
382,L47561,L,297.5,308.5,1546,40.4,129,0,0,0,0,0,0
431,L47610,L,297.5,308.6,1596,37.1,30,0,0,0,0,0,0
500,L47679,L,297.5,309.1,1515,35.1,213,0,0,0,0,0,0
504,M15363,M,297.6,309.2,1442,48.1,0,0,0,0,0,0,0
560,L47739,L,297.5,309.4,1503,40.6,144,0,0,0,0,0,0
595,H30008,H,297.6,309.6,1278,50.4,2,0,0,0,0,0,0
666,L47845,L,297.5,308.9,1729,28.1,189,0,0,0,0,0,0
732,M15591,M,297.3,308.6,1431,53.0,160,0,0,0,0,0,0
753,L47932,L,296.9,308.1,1422,48.7,215,0,0,0,0,0,0
785,L47964,L,296.7,307.9,1743,27.9,55,0,0,0,0,0,0
809,L47988,L,296.9,307.7,1424,43.3,120,0,0,0,0,0,0
814,L47993,L,296.8,307.6,1513,40.0,130,0,0,0,0,0,0
989,H30402,H,296.3,307.1,1774,25.9,154,0,0,0,0,0,0
1059,L48238,L,296.7,307.8,1605,31.3,128,0,0,0,0,0,0
1081,L48260,L,297.0,307.8,1774,28.0,188,0,0,0,0,0,0
1088,H30501,H,296.9,307.8,1549,35.8,206,1,1,0,0,0,0
1133,L48312,L,296.8,307.9,1271,61.4,125,0,0,0,0,0,0
1183,L48362,L,297.3,308.3,1410,48.1,23,0,0,0,0,0,0
1209,L48388,L,297.0,308.1,1489,44.1,96,0,0,0,0,0,0
1214,M16073,M,296.8,307.8,1551,38.9,112,0,0,0,0,0,0
1233,L48412,L,297.2,308.6,1500,37.1,161,0,0,0,0,0,0
1251,L48430,L,297.3,308.7,1549,36.1,218,0,0,0,0,0,0
1281,H30694,H,298.3,309.5,1521,37.1,84,0,0,0,0,0,0
1285,L48464,L,298.4,309.5,2153,15.3,98,1,0,0,1,0,0
1366,L48545,L,298.7,310.1,1676,33.5,70,0,0,0,0,0,0
1411,M16270,M,298.9,310.1,1469,53.2,189,0,0,0,0,0,0
1438,H30851,H,298.8,309.9,1439,45.2,40,1,0,0,0,0,0
1441,M16300,M,298.8,309.9,1741,27.7,50,0,0,0,0,0,0
1510,L48689,L,298.0,308.5,1429,37.7,220,1,1,0,0,0,0
1527,L48706,L,298.1,309.0,1787,27.6,47,0,0,0,0,0,0
1589,L48768,L,298.2,308.3,1688,32.0,202,0,0,0,0,0,0
1595,M16454,M,298.0,308.2,1373,51.2,215,0,0,0,0,0,0
1645,L48824,L,298.0,307.8,1622,33.3,121,0,0,0,0,0,0
1672,L48851,L,298.1,307.9,1614,35.8,196,0,0,0,0,0,0
1709,L48888,L,298.2,307.8,1627,31.5,64,0,0,0,0,0,0
1764,L48943,L,298.2,307.6,1511,31.0,209,1,1,0,0,0,0
1774,L48953,L,298.5,308.0,1384,59.5,27,0,0,0,0,0,0
1789,L48968,L,298.3,308.0,1442,47.3,65,0,0,0,0,0,0
1826,M16685,M,298.0,307.5,1784,27.8,163,0,0,0,0,0,0
1835,L49014,L,297.8,307.2,1498,38.1,188,0,0,0,0,0,0
1855,M16714,M,297.6,307.2,1470,42.6,44,0,0,0,0,0,0
1885,M16744,M,298.0,307.6,1792,26.0,119,0,0,0,0,0,0
1914,M16773,M,298.0,307.8,1492,40.2,197,0,0,0,0,0,0
1916,L49095,L,298.0,307.7,1492,38.7,202,0,0,0,0,0,0
1989,H31402,H,298.3,307.9,1420,39.2,176,0,0,0,0,0,0
2007,M16866,M,298.5,308.3,1381,50.5,22,0,0,0,0,0,0
2036,M16895,M,298.9,308.6,1469,34.2,93,0,0,0,0,0,0
2056,L49235,L,299.6,309.4,1643,32.9,145,0,0,0,0,0,0
2100,L49279,L,299.4,309.3,1596,31.8,40,0,0,0,0,0,0
2122,M16981,M,299.2,308.8,1503,37.4,109,0,0,0,0,0,0
2128,H31541,H,299.3,309.0,1425,40.6,123,0,0,0,0,0,0
2165,L49344,L,299.6,309.2,1540,36.7,221,0,0,0,0,0,0
2167,M17026,M,299.6,309.2,1867,23.4,225,1,1,0,0,0,0
2186,L49365,L,299.8,309.4,1630,32.4,53,0,0,0,0,0,0
2206,L49385,L,299.9,309.2,1624,34.6,105,0,0,0,0,0,0
2305,L49484,L,299.1,308.5,1455,39.8,145,0,0,0,0,0,0
2314,M17173,M,299.1,308.8,1725,26.6,172,0,0,0,0,0,0
2337,L49516,L,299.2,308.4,1434,46.8,2,0,0,0,0,0,0
2440,L49619,L,299.1,308.4,1693,31.6,65,0,0,0,0,0,0
2524,L49703,L,298.8,308.7,1635,35.2,47,0,0,0,0,0,0
2539,L49718,L,299.1,308.8,1429,50.1,84,0,0,0,0,0,0
2558,M17417,M,299.4,309.1,1440,50.0,134,0,0,0,0,0,0
2579,L49758,L,299.4,309.3,1391,46.6,185,0,0,0,0,0,0
2586,M17445,M,299.0,308.7,1620,35.4,199,0,0,0,0,0,0
2608,L49787,L,299.4,309.3,1448,48.6,44,0,0,0,0,0,0
2656,M17515,M,299.8,309.4,1751,27.0,173,0,0,0,0,0,0
2683,M17542,M,299.9,309.6,1364,44.4,20,0,0,0,0,0,0
2689,L49868,L,299.9,309.4,1322,53.9,33,0,0,0,0,0,0
2696,L49875,L,300.0,309.5,1869,22.7,49,0,0,0,0,0,0
2719,L49898,L,299.5,309.1,1357,47.3,106,0,0,0,0,0,0
2752,L49931,L,299.7,309.1,1417,50.1,187,0,0,0,0,0,0
2754,L49933,L,299.7,309.1,1715,27.8,192,0,0,0,0,0,0
2761,L49940,L,299.8,309.2,1400,42.6,210,0,0,0,0,0,0
2786,L49965,L,300.2,309.5,1495,32.6,49,0,0,0,0,0,0
2800,L49979,L,300.3,309.6,1404,44.6,87,0,0,0,0,0,0
2829,M17688,M,300.4,309.4,1875,23.9,155,0,0,0,0,0,0
2837,M17696,M,300.3,309.1,1458,44.3,175,0,0,0,0,0,0
2840,M17699,M,300.4,309.4,1362,42.1,182,0,0,0,0,0,0
2842,L50021,L,300.3,309.4,1705,29.4,190,0,0,0,0,0,0
2892,L50071,L,300.6,309.6,1682,30.7,78,0,0,0,0,0,0
2939,L50118,L,300.7,309.5,1479,34.5,197,0,0,0,0,0,0
2942,M17801,M,300.7,309.6,1996,19.8,203,1,1,0,0,0,0
2982,H32395,H,300.4,309.4,1530,40.4,112,0,0,0,0,0,0
3006,L50185,L,300.5,309.9,1503,37.4,175,0,0,0,0,0,0
3011,L50190,L,300.3,309.6,1537,37.1,187,0,0,0,0,0,0
3032,M17891,M,300.5,309.7,1389,43.3,9,0,0,0,0,0,0
3100,M17959,M,299.9,309.1,1513,43.8,188,0,0,0,0,0,0
3132,L50311,L,300.1,309.5,1660,32.7,57,0,0,0,0,0,0
3141,H32554,H,300.4,309.9,2563,12.8,81,1,0,0,1,0,0
3149,H32562,H,300.4,309.8,1448,39.7,107,0,0,0,0,0,0
3157,L50336,L,300.4,309.7,1467,36.9,131,0,0,0,0,0,0
3160,H32573,H,300.4,309.8,1409,47.5,138,0,0,0,0,0,0
3196,M18055,M,300.0,309.2,1635,32.4,4,0,0,0,0,0,0
3224,H32637,H,300.6,309.5,1495,36.5,79,0,0,0,0,0,0
3229,L50408,L,300.5,309.3,1475,46.8,94,0,0,0,0,0,0
3267,L50446,L,301.3,310.1,1269,56.8,195,1,0,0,0,1,0
3433,M18292,M,301.6,310.7,2012,20.7,178,0,0,0,0,0,0
3483,L50662,L,301.9,310.8,1540,37.6,83,0,0,0,0,0,0
3485,L50664,L,301.9,310.8,1519,39.0,90,0,0,0,0,0,0
3496,M18355,M,301.9,311.0,1384,47.4,121,0,0,0,0,0,0
3518,L50697,L,302.0,311.0,1550,35.2,184,0,0,0,0,0,0
3530,L50709,L,301.9,310.9,1567,39.0,214,1,1,0,0,0,0
3614,L50793,L,301.7,310.9,1557,39.4,2,0,0,0,0,0,0
3636,M18495,M,302.1,311.2,1616,35.1,57,0,0,0,0,0,0
3666,M18525,M,302.4,311.8,1358,50.6,133,0,0,0,0,0,0
3780,L50959,L,302.3,311.0,1657,31.1,3,0,0,0,0,0,0
3788,L50967,L,302.3,310.8,1377,47.3,22,1,0,1,0,0,0
3803,M18662,M,302.2,310.9,1488,44.2,57,0,0,0,0,0,0
3864,L51043,L,302.5,311.4,1674,27.0,223,0,0,0,0,0,0
3880,M18739,M,302.6,311.7,1430,51.7,32,0,0,0,0,0,0
3937,L51116,L,302.5,311.5,1985,18.8,190,0,0,0,0,0,0
3981,M18840,M,302.2,311.3,1375,47.0,98,0,0,0,0,0,0
3986,L51165,L,302.3,311.2,1386,50.3,110,0,0,0,0,0,0
4006,M18865,M,302.0,311.1,1406,48.8,159,0,0,0,0,0,0
4035,L51214,L,302.0,310.8,1615,29.0,235,1,1,0,0,0,0
4063,L51242,L,302.0,310.9,1446,44.0,64,0,0,0,0,0,0
4079,H33492,H,302.1,310.7,1294,62.4,101,1,0,1,0,0,0
4081,L51260,L,302.0,310.4,1357,58.0,108,1,0,1,0,0,0
4082,L51261,L,302.0,310.4,1336,58.2,110,1,0,1,0,0,0
4083,L51262,L,302.0,310.4,1568,39.2,112,0,0,0,0,0,0
4103,L51282,L,302.0,310.4,1450,46.6,165,0,0,0,0,0,0
4111,L51290,L,302.0,310.6,1361,46.7,182,0,0,0,0,0,0
4118,L51297,L,301.9,310.5,1340,55.7,204,1,0,0,0,1,0
4122,M18981,M,302.1,310.7,1364,47.8,213,1,0,1,0,0,0
4139,L51318,L,301.7,310.2,1311,57.4,40,1,0,1,0,0,0
4141,L51320,L,301.7,310.2,1331,61.2,47,1,0,1,0,0,0
4165,L51344,L,302.2,310.6,1346,47.5,109,1,0,1,0,0,0
4174,M19033,M,302.2,310.6,1346,49.2,134,1,0,1,0,0,0
4178,L51357,L,302.5,310.9,1477,39.2,144,0,0,0,0,0,0
4188,M19047,M,302.2,310.7,1601,33.0,166,0,0,0,0,0,0
4199,M19058,M,302.4,311.1,1432,44.5,195,0,0,0,0,0,0
4206,L51385,L,302.3,310.8,1723,26.3,213,0,0,0,0,0,0
4233,L51412,L,302.2,310.9,1452,42.3,56,0,0,0,0,0,0
4259,M19118,M,302.7,311.1,1297,60.7,125,1,0,1,0,0,0
4286,L51465,L,301.7,309.9,1317,49.0,187,1,0,1,0,0,0
4295,M19154,M,301.7,310.1,1743,27.3,210,0,0,0,0,0,0
4296,L51475,L,301.8,310.2,1457,40.4,213,0,0,0,0,0,0
4342,L51521,L,301.7,309.8,1398,46.0,109,0,0,0,0,0,0
4371,L51550,L,302.0,309.9,1308,57.6,197,1,0,1,0,1,0
4390,M19249,M,302.1,310.0,1355,45.1,6,1,0,1,0,0,0
4420,M19279,M,302.6,310.2,2676,10.8,84,1,0,0,1,0,0
4448,M19307,M,302.5,310.3,1488,41.8,160,0,0,0,0,0,0
4463,L51642,L,302.7,310.5,1263,67.8,197,1,0,1,0,1,0
4496,L51675,L,302.6,310.4,1359,57.2,67,1,0,1,0,0,0
4519,L51698,L,302.4,310.3,1480,45.8,123,0,0,0,0,0,0
4525,M19384,M,302.5,310.5,1527,38.8,136,0,0,0,0,0,0
4537,L51716,L,302.4,310.2,1351,45.1,168,1,0,1,0,0,0
4593,L51772,L,302.9,311.1,1555,33.9,96,0,0,0,0,0,0
4613,L51792,L,303.0,311.3,2194,16.5,148,0,0,0,0,0,0
4624,L51803,L,303.0,311.1,1525,40.7,179,0,0,0,0,0,0
4654,M19513,M,303.1,311.1,1594,35.5,13,0,0,0,0,0,0
4732,L51911,L,303.3,311.6,1301,45.1,219,1,0,1,0,0,0
4742,L51921,L,303.2,311.3,1393,52.9,12,0,0,0,0,0,0
4752,L51931,L,303.3,311.4,1510,37.3,36,0,0,0,0,0,0
4815,L51994,L,303.4,311.8,1401,53.0,208,1,0,0,0,1,0
4852,L52031,L,303.7,312.1,1363,51.8,90,1,0,1,0,0,0
4915,M19774,M,303.5,312.3,1532,41.7,32,0,0,0,0,0,0
4977,L52156,L,303.7,312.7,1359,56.8,194,1,0,0,0,1,0
4984,L52163,L,303.8,313.1,1869,25.8,211,0,0,0,0,0,0
4999,M19858,M,303.6,312.8,1825,25.2,29,0,0,0,0,0,0
5063,L52242,L,304.0,312.9,1313,53.9,202,0,0,0,0,0,0
5068,M19927,M,304.2,313.2,1396,50.5,11,0,0,0,0,0,0
5109,L52288,L,303.9,313.3,1394,51.6,121,0,0,0,0,0,0
5157,L52336,L,304.2,313.4,1482,41.4,32,0,0,0,0,0,0
5171,M20030,M,304.1,313.3,1480,38.4,72,0,0,0,0,0,0
5251,L52430,L,303.5,312.9,1332,52.9,66,0,0,0,0,0,0
5268,M20127,M,303.5,312.9,1438,42.8,106,0,0,0,0,0,0
5333,H34746,H,303.6,312.7,1403,46.2,57,0,0,0,0,0,0
5360,M20219,M,303.3,312.6,1397,47.1,137,0,0,0,0,0,0
5448,L52627,L,303.1,312.8,1465,44.1,109,0,0,0,0,0,0
5481,H34894,H,302.7,312.1,1478,36.0,191,0,0,0,0,0,0
5498,M20357,M,302.9,312.5,1551,40.0,20,0,0,0,0,0,0
5502,L52681,L,302.7,312.1,1543,37.5,33,0,0,0,0,0,0
5532,M20391,M,302.3,311.7,1504,37.3,107,0,0,0,0,0,0
5563,L52742,L,302.3,311.7,1648,32.1,197,0,0,0,0,0,0
5612,M20471,M,303.0,312.3,1674,29.5,109,0,0,0,0,0,0
5656,L52835,L,302.3,311.5,1387,47.3,2,0,0,0,0,0,0
5722,M20581,M,302.3,311.8,1443,43.4,175,0,0,0,0,0,0
5723,L52902,L,302.2,311.7,1488,44.6,178,0,0,0,0,0,0
5738,L52917,L,302.3,311.8,1574,42.8,215,0,0,0,0,0,0
5745,H35158,H,302.2,311.5,1482,42.6,16,0,0,0,0,0,0
5780,L52959,L,301.6,311.1,1680,29.2,111,0,0,0,0,0,0
5782,M20641,M,301.7,311.1,1618,36.7,115,0,0,0,0,0,0
5790,M20649,M,301.8,311.5,1416,49.0,136,0,0,0,0,0,0
5807,L52986,L,301.4,310.9,1440,45.4,177,0,0,0,0,0,0
5812,L52991,L,301.3,311.1,1454,40.3,191,0,0,0,0,0,0
5887,L53066,L,301.4,311.1,1494,41.9,142,0,0,0,0,0,0
5888,H35301,H,301.4,311.1,1445,41.4,144,0,0,0,0,0,0
5893,L53072,L,301.4,311.1,1472,44.5,159,0,0,0,0,0,0
5901,M20760,M,300.9,310.7,1485,41.0,181,0,0,0,0,0,0
5941,M20800,M,300.6,310.6,1427,52.8,75,0,0,0,0,0,0
5958,L53137,L,300.7,310.9,1637,37.2,115,0,0,0,0,0,0
5962,L53141,L,300.3,310.7,1539,32.3,123,0,0,0,0,0,0
5966,H35379,H,300.5,310.9,1447,46.5,137,0,0,0,0,0,0
5980,H35393,H,300.6,310.7,1501,45.3,175,0,0,0,0,0,0
6044,M20903,M,300.7,310.9,1468,41.8,112,0,0,0,0,0,0
6086,L53265,L,300.9,310.6,1538,36.7,3,0,0,0,0,0,0
6087,L53266,L,300.9,310.8,1482,37.0,5,0,0,0,0,0,0
6131,L53310,L,301.0,310.9,1473,44.2,116,0,0,0,0,0,0
6165,H35578,H,300.9,310.7,1656,30.7,200,0,0,0,0,0,0
6229,L53408,L,301.2,310.9,1413,50.1,141,0,0,0,0,0,0
6249,L53428,L,300.8,310.1,1405,61.2,189,1,0,0,1,1,0
6266,L53445,L,300.8,310.3,1383,46.6,19,0,0,0,0,0,0
6273,M21132,M,301.1,310.6,1429,52.7,35,0,0,0,0,0,0
6351,L53530,L,300.1,309.7,1362,49.1,23,0,0,0,0,0,0
6383,L53562,L,300.2,309.8,1481,41.9,106,0,0,0,0,0,0
6391,L53570,L,300.3,309.8,1450,55.0,135,0,0,0,0,0,0
6395,M21254,M,300.2,309.7,1408,44.0,144,0,0,0,0,0,0
6417,H35830,H,300.4,310.1,1484,38.0,198,0,0,0,0,0,0
6426,L53605,L,300.3,309.9,1393,56.1,12,0,0,0,0,0,0
6437,L53616,L,300.4,310.0,1769,26.1,38,0,0,0,0,0,0
6443,L53622,L,300.7,310.2,1348,54.8,50,0,0,0,0,0,0
6471,L53650,L,300.4,309.6,1379,54.5,122,0,0,0,0,0,0
6479,L53658,L,300.5,309.8,1663,29.1,145,1,0,0,0,0,0
6508,L53687,L,301.0,310.1,1558,32.6,0,0,0,0,0,0,0
6533,H35946,H,301.2,310.6,1352,52.0,69,0,0,0,0,0,0
6614,L53793,L,301.7,310.6,1513,41.1,64,0,0,0,0,0,0
6667,L53846,L,301.3,310.4,1414,51.4,199,0,0,0,0,0,0
6684,L53863,L,301.5,310.9,1318,50.6,11,0,0,0,0,0,0
6734,M21593,M,301.7,311.0,1311,46.8,136,0,0,0,0,0,0
6848,L54027,L,301.2,311.4,1757,28.0,6,0,0,0,0,0,0
6857,M21716,M,301.1,311.3,1836,22.8,31,0,0,0,0,0,0
6866,L54045,L,301.1,311.4,1531,38.7,55,0,0,0,0,0,0
6904,M21763,M,301.0,311.6,1609,35.8,156,0,0,0,0,0,0
6954,L54133,L,300.8,311.3,1462,41.4,75,0,0,0,0,0,0
6995,L54174,L,300.6,310.8,1375,53.2,179,0,0,0,0,0,0
7012,L54191,L,300.5,310.5,2633,12.2,17,1,0,0,1,0,0
7029,M21888,M,300.6,310.6,1403,50.4,64,0,0,0,0,0,0
7088,L54267,L,300.6,310.3,1648,30.5,217,1,1,0,0,0,0
7103,M21962,M,300.8,310.3,1494,42.2,35,0,0,0,0,0,0
7117,L54296,L,301.0,310.5,1601,33.2,77,0,0,0,0,0,0
7118,L54297,L,300.9,310.5,1570,40.1,79,0,0,0,0,0,0
7126,L54305,L,300.7,310.1,1261,56.6,98,0,0,0,0,0,0
7132,M21991,M,300.5,309.8,1410,44.4,111,0,0,0,0,0,0
7143,H36556,H,300.3,309.7,1452,41.5,139,0,0,0,0,0,0
7172,M22031,M,300.2,310.2,1438,51.5,7,0,0,0,0,0,0
7255,L54434,L,300.3,310.4,1493,37.5,219,0,0,0,0,0,0
7260,M22119,M,300.4,310.5,1500,43.0,9,0,0,0,0,0,0
7274,M22133,M,300.2,310.3,1704,29.2,42,0,0,0,0,0,0
7339,L54518,L,299.8,310.5,1496,38.8,215,0,0,0,0,0,0
7348,L54527,L,299.6,310.2,1627,36.6,17,0,0,0,0,0,0
7388,H36801,H,299.8,310.6,1423,44.6,116,0,0,0,0,0,0
7391,M22250,M,299.7,310.5,1490,41.2,126,0,0,0,0,0,0
7393,M22252,M,299.7,310.5,1492,39.3,131,0,0,0,0,0,0
7479,L54658,L,300.1,311.3,1479,39.5,133,0,0,0,0,0,0
7483,M22342,M,300.2,311.6,1510,47.5,146,0,0,0,0,0,0
7510,L54689,L,300.6,311.9,1372,60.1,212,1,0,0,0,1,0
7522,M22381,M,300.2,311.6,1467,40.7,23,0,0,0,0,0,0
7530,L54709,L,300.1,311.4,1467,35.7,45,0,0,0,0,0,0
7531,M22390,M,300.1,311.4,1617,39.3,47,0,0,0,0,0,0
7537,L54716,L,300.1,311.3,2579,12.5,64,1,0,0,1,0,0
7538,L54717,L,300.1,311.3,1305,64.7,66,0,0,0,0,0,0
7561,M22420,M,300.3,311.3,1377,53.8,125,0,0,0,0,0,0
7583,H36996,H,300.4,311.2,1489,45.3,180,0,0,0,0,0,0
7588,L54767,L,300.4,311.1,1405,54.1,193,0,0,0,0,0,0
7600,L54779,L,300.5,311.0,1759,28.3,13,0,0,0,0,0,0
7636,L54815,L,300.3,311.4,1526,38.5,101,0,0,0,0,0,0
7655,M22514,M,300.3,311.5,1540,41.5,151,0,0,0,0,0,0
7697,H37110,H,300.6,311.5,1282,60.2,24,0,0,0,0,0,0
7705,M22564,M,300.6,311.6,1630,31.8,52,0,0,0,0,0,0
7735,L54914,L,300.6,312.0,1670,29.4,134,0,0,0,0,0,0
7834,L55013,L,300.0,311.4,1604,38.7,185,0,0,0,0,0,0
7850,M22709,M,300.3,311.7,1374,47.9,222,1,1,0,0,0,0
7932,L55111,L,300.7,311.7,1499,38.4,205,0,0,0,0,0,0
7981,M22840,M,301.2,312.4,1505,39.6,102,0,0,0,0,0,0
7992,L55171,L,301.1,312.3,1534,39.0,129,0,0,0,0,0,0
7999,L55178,L,300.9,312.1,1359,51.7,146,0,0,0,0,0,0
8000,M22859,M,300.9,312.1,1617,31.0,148,0,0,0,0,0,0
8007,L55186,L,300.9,312.1,1462,46.0,166,0,0,0,0,0,0
8027,L55206,L,300.7,311.9,1399,50.2,222,1,0,0,0,1,0
8067,L55246,L,300.4,311.9,1868,21.3,92,0,0,0,0,0,0
8069,M22928,M,300.5,311.9,1676,35.2,97,0,0,0,0,0,0
8090,L55269,L,300.1,311.3,1676,30.3,151,0,0,0,0,0,0
8124,H37537,H,300.2,311.5,1515,36.8,27,0,0,0,0,0,0
8128,M22987,M,300.1,311.3,1650,33.8,38,0,0,0,0,0,0
8154,L55333,L,299.6,310.8,1507,42.4,108,0,0,0,0,0,0
8232,L55411,L,299.1,310.5,1419,48.8,76,0,0,0,0,0,0
8247,L55426,L,299.0,310.3,1552,39.9,114,0,0,0,0,0,0
8317,L55496,L,298.8,309.8,1463,40.0,90,0,0,0,0,0,0
8361,L55540,L,298.6,309.6,1540,35.8,5,0,0,0,0,0,0
8380,L55559,L,298.8,309.9,1629,31.9,49,0,0,0,0,0,0
8395,M23254,M,298.6,309.5,1566,38.1,89,0,0,0,0,0,0
8413,M23272,M,298.6,309.7,1314,49.7,136,0,0,0,0,0,0
8447,L55626,L,298.5,309.9,1482,42.1,15,0,0,0,0,0,0
8469,H37882,H,298.6,309.7,1463,39.1,66,0,0,0,0,0,0
8479,M23338,M,298.5,309.7,1354,60.8,96,0,0,0,0,0,0
8515,L55694,L,298.2,309.4,1447,47.1,185,0,0,0,0,0,0
8516,L55695,L,298.2,309.4,1443,45.4,187,0,0,0,0,0,0
8531,M23390,M,298.5,309.3,1615,31.8,23,0,0,0,0,0,0
8574,L55753,L,297.6,308.4,1626,32.4,130,0,0,0,0,0,0
8590,M23449,M,297.3,307.8,1538,48.0,171,0,0,0,0,0,0
8595,L55774,L,297.4,308.0,1356,51.9,184,0,0,0,0,0,0
8630,H38043,H,297.5,308.5,1557,39.1,47,0,0,0,0,0,0
8691,L55870,L,297.1,308.5,1323,44.4,207,1,1,0,0,0,0
8720,L55899,L,297.2,308.8,1451,43.1,68,0,0,0,0,0,0
8847,M23706,M,297.4,308.8,1325,62.4,204,1,1,0,0,1,0
8851,L56030,L,297.6,309.0,1491,43.2,7,0,0,0,0,0,0
8907,L56086,L,297.3,308.7,1592,34.4,158,0,0,0,0,0,0
8919,L56098,L,297.1,308.2,1402,51.2,186,0,0,0,0,0,0
8927,M23786,M,297.3,308.3,1459,59.6,207,1,0,0,1,1,0
9027,M23886,M,297.5,308.4,1685,28.1,15,0,0,0,0,0,0
9052,L56231,L,297.4,308.6,1820,24.6,79,0,0,0,0,0,0
9059,M23918,M,297.2,308.3,1326,57.2,100,0,0,0,0,0,0
9064,L56243,L,297.2,308.3,1419,39.7,115,0,0,0,0,0,0
9199,M24058,M,297.9,308.8,1538,37.6,54,0,0,0,0,0,0
9201,M24060,M,297.9,308.8,1602,32.1,59,0,0,0,0,0,0
9246,L56425,L,298.3,308.9,1708,27.3,170,0,0,0,0,0,0
9305,L56484,L,298.3,309.1,1537,43.0,123,0,0,0,0,0,0
9393,L56572,L,297.6,308.1,1437,46.3,149,0,0,0,0,0,0
9494,L56673,L,299.1,309.8,1398,55.4,217,1,0,0,0,1,0
9519,L56698,L,299.0,310.1,1580,41.9,55,0,0,0,0,0,0
9520,L56699,L,299.0,310.1,1531,36.0,57,0,0,0,0,0,0
9611,L56790,L,299.0,310.1,1505,41.3,85,0,0,0,0,0,0
9619,L56798,L,299.0,310.1,1447,42.8,104,0,0,0,0,0,0
9632,L56811,L,299.0,310.0,1672,33.2,144,0,0,0,0,0,0
9655,L56834,L,299.1,310.0,1367,56.3,203,1,0,0,0,1,0
9691,M24550,M,298.9,310.0,1520,35.6,48,0,0,0,0,0,0
9727,L56906,L,298.8,309.8,1557,37.2,139,0,0,0,0,0,0
9736,L56915,L,299.0,310.1,1444,47.7,161,0,0,0,0,0,0
9757,L56936,L,298.6,309.8,1597,35.9,213,0,0,0,0,0,0
9777,M24636,M,298.6,309.6,1397,54.1,47,0,0,0,0,0,0
9785,M24644,M,298.7,309.8,1435,48.8,71,0,0,0,0,0,0
9796,L56975,L,298.5,309.3,1623,33.1,109,0,0,0,0,0,0
9801,H39214,H,298.5,309.3,1421,50.3,124,0,0,0,0,0,0
9823,L57002,L,298.5,309.4,1360,60.9,187,1,0,0,0,1,0
9849,H39262,H,298.5,309.2,1568,40.6,39,0,0,0,0,0,0
9864,L57043,L,298.9,309.8,1411,56.3,84,0,0,0,0,0,0
9927,M24786,M,298.5,308.6,1897,20.2,50,0,0,0,0,0,0
9954,L57133,L,298.1,307.8,1565,35.3,119,0,0,0,0,0,0
9962,L57141,L,298.2,307.9,1399,54.9,139,0,0,0,0,0,0
9965,L57144,L,298.3,307.9,1766,26.5,145,0,0,0,0,0,0
9966,L57145,L,298.3,307.9,1703,28.9,147,0,0,0,0,0,0
9974,L57153,L,298.5,308.2,1444,40.5,170,0,0,0,0,0,0
10000,M24859,M,299.0,308.7,1500,40.2,30,0,0,0,0,0,0
